{"version":"1.4.0","project":{"name":"Practical05_f4dd477a3a","directory":"/home/kavi/Documents/UCSC 2024/scala/Practical05/.scala-build","workspaceDir":"/home/kavi/Documents/UCSC 2024/scala/Practical05","sources":["/home/kavi/Documents/UCSC 2024/scala/Practical05/P05_Q)3.scala","/home/kavi/Documents/UCSC 2024/scala/Practical05/P05_Q01.scala","/home/kavi/Documents/UCSC 2024/scala/Practical05/P05_Q02.scala"],"dependencies":[],"classpath":["/home/kavi/.cache/coursier/v1/https/repo1.maven.org/maven2/org/scala-lang/scala3-library_3/3.4.2/scala3-library_3-3.4.2.jar","/home/kavi/.cache/coursier/v1/https/repo1.maven.org/maven2/org/scala-lang/scala-library/2.13.12/scala-library-2.13.12.jar","/home/kavi/.cache/coursier/v1/https/repo1.maven.org/maven2/com/sourcegraph/semanticdb-javac/0.7.4/semanticdb-javac-0.7.4.jar"],"out":"/home/kavi/Documents/UCSC 2024/scala/Practical05/.scala-build/.bloop/Practical05_f4dd477a3a","classesDir":"/home/kavi/Documents/UCSC 2024/scala/Practical05/.scala-build/Practical05_f4dd477a3a/classes/main","scala":{"organization":"org.scala-lang","name":"scala-compiler","version":"3.4.2","options":["-Xsemanticdb","-sourceroot","/home/kavi/Documents/UCSC 2024/scala/Practical05","-release","17"],"jars":["/home/kavi/.cache/coursier/v1/https/repo1.maven.org/maven2/org/scala-lang/scala3-compiler_3/3.4.2/scala3-compiler_3-3.4.2.jar","/home/kavi/.cache/coursier/v1/https/repo1.maven.org/maven2/org/scala-lang/scala3-interfaces/3.4.2/scala3-interfaces-3.4.2.jar","/home/kavi/.cache/coursier/v1/https/repo1.maven.org/maven2/org/scala-lang/scala3-library_3/3.4.2/scala3-library_3-3.4.2.jar","/home/kavi/.cache/coursier/v1/https/repo1.maven.org/maven2/org/scala-lang/tasty-core_3/3.4.2/tasty-core_3-3.4.2.jar","/home/kavi/.cache/coursier/v1/https/repo1.maven.org/maven2/org/scala-lang/modules/scala-asm/9.6.0-scala-1/scala-asm-9.6.0-scala-1.jar","/home/kavi/.cache/coursier/v1/https/repo1.maven.org/maven2/org/scala-sbt/compiler-interface/1.9.6/compiler-interface-1.9.6.jar","/home/kavi/.cache/coursier/v1/https/repo1.maven.org/maven2/org/jline/jline-reader/3.25.1/jline-reader-3.25.1.jar","/home/kavi/.cache/coursier/v1/https/repo1.maven.org/maven2/org/jline/jline-terminal/3.25.1/jline-terminal-3.25.1.jar","/home/kavi/.cache/coursier/v1/https/repo1.maven.org/maven2/org/jline/jline-terminal-jna/3.25.1/jline-terminal-jna-3.25.1.jar","/home/kavi/.cache/coursier/v1/https/repo1.maven.org/maven2/org/scala-lang/scala-library/2.13.12/scala-library-2.13.12.jar","/home/kavi/.cache/coursier/v1/https/repo1.maven.org/maven2/org/scala-sbt/util-interface/1.9.8/util-interface-1.9.8.jar","/home/kavi/.cache/coursier/v1/https/repo1.maven.org/maven2/org/jline/jline-native/3.25.1/jline-native-3.25.1.jar","/home/kavi/.cache/coursier/v1/https/repo1.maven.org/maven2/net/java/dev/jna/jna/5.14.0/jna-5.14.0.jar"],"bridgeJars":["/home/kavi/.cache/coursier/v1/https/repo1.maven.org/maven2/org/scala-lang/scala3-sbt-bridge/3.4.2/scala3-sbt-bridge-3.4.2.jar"]},"java":{"options":["--release","17","-Xplugin:semanticdb -sourceroot:/home/kavi/Documents/UCSC 2024/scala/Practical05 -targetroot:javac-classes-directory","-J--add-exports","-Jjdk.compiler/com.sun.tools.javac.api=ALL-UNNAMED","-J--add-exports","-Jjdk.compiler/com.sun.tools.javac.code=ALL-UNNAMED","-J--add-exports","-Jjdk.compiler/com.sun.tools.javac.model=ALL-UNNAMED","-J--add-exports","-Jjdk.compiler/com.sun.tools.javac.tree=ALL-UNNAMED","-J--add-exports","-Jjdk.compiler/com.sun.tools.javac.util=ALL-UNNAMED"]},"platform":{"name":"jvm","config":{"options":[]},"mainClass":[]},"resolution":{"modules":[{"organization":"org.scala-lang","name":"scala3-library_3","version":"3.4.2","artifacts":[{"name":"scala3-library_3","path":"/home/kavi/.cache/coursier/v1/https/repo1.maven.org/maven2/org/scala-lang/scala3-library_3/3.4.2/scala3-library_3-3.4.2.jar"},{"name":"scala3-library_3","classifier":"sources","path":"/home/kavi/.cache/coursier/v1/https/repo1.maven.org/maven2/org/scala-lang/scala3-library_3/3.4.2/scala3-library_3-3.4.2-sources.jar"}]},{"organization":"org.scala-lang","name":"scala-library","version":"2.13.12","artifacts":[{"name":"scala-library","path":"/home/kavi/.cache/coursier/v1/https/repo1.maven.org/maven2/org/scala-lang/scala-library/2.13.12/scala-library-2.13.12.jar"},{"name":"scala-library","classifier":"sources","path":"/home/kavi/.cache/coursier/v1/https/repo1.maven.org/maven2/org/scala-lang/scala-library/2.13.12/scala-library-2.13.12-sources.jar"}]}]},"tags":["library"]}}